"","var","para","mean","sd","2.5%","50%","97.5%","Rhat","n.eff","y"
"1","(Intercept)","b[1]",1.69826802,0.17218945533546,1.38133175,1.699255,2.05329425,1.04,194,"redbreast_sunfish"
"2","length0","b[2]",-0.426625230536667,0.179816104912953,-0.7644496,-0.4346875,-0.0533782974999999,1.02,185,"redbreast_sunfish"
"3","area_ucb","b[3]",-0.729783642396667,0.365883999873038,-1.441525,-0.740423,0.0460750525000001,1.05,48,"redbreast_sunfish"
"4","adj_density_creek_chub","b[4]",0.637624324633333,0.226425704614984,0.278921675,0.602267,1.15353275,1.12,130,"redbreast_sunfish"
"5","adj_density_bluehead_chub","b[5]",-0.504742228056667,0.174636280290599,-0.83699645,-0.5104005,-0.112918725,1.03,163,"redbreast_sunfish"
"6","adj_density_green_sunfish","b[6]",-0.508467031234667,0.160631956730094,-0.767222025,-0.526763,-0.15196185,1.02,231,"redbreast_sunfish"
"7","adj_density_redbreast_sunfish","b[7]",0.484692907620333,0.221253699774987,0.046957345,0.48931,0.89413505,1.06,133,"redbreast_sunfish"
