var,para,mean,sd,2.5%,50%,97.5%,Rhat,n.eff,y
(Intercept),b[1],2.6200339133333332,0.151653776806555,2.3429972500000003,2.6147299999999998,2.9230392500000004,1.04,117,bluehead_chub
length0,b[2],0.12322202014966664,0.20651155550760716,-0.2773288,0.130089,0.507010775,1.02,78,bluehead_chub
area_ucb,b[3],0.2283542570998,0.11716262324914126,-0.005330789249999999,0.2303895,0.46032482500000005,1.03,263,bluehead_chub
adj_density_bluehead_chub,b[4],0.24840508421733332,0.22018082314422724,-0.151058575,0.258035,0.6541204500000001,1.11,65,bluehead_chub
adj_density_creek_chub,b[5],-0.007006864413466664,0.142381560813896,-0.26293469999999997,-0.010497349999999999,0.2765421750000001,1.01,147,bluehead_chub
adj_density_green_sunfish,b[6],-0.217759075168,0.09227467983325521,-0.395839075,-0.218475,-0.02720440499999995,1.02,263,bluehead_chub
adj_density_redbreast_sunfish,b[7],0.24770416205966678,0.30375766715296165,-0.381565375,0.2579435,0.7841160750000001,1.1,45,bluehead_chub
