var,para,mean,sd,2.5%,50%,97.5%,Rhat,n.eff,y
(Intercept),b[1],2.581450623333333,0.14709906119702637,2.31842675,2.571785,2.906933,1.14,123,bluehead_chub
length0,b[2],0.1361682731076667,0.19322287533762122,-0.24361114999999997,0.13523000000000002,0.5177651500000002,1.13,81,bluehead_chub
area_ucb,b[3],0.23057910310699997,0.11841542798052575,0.002918973250000001,0.2310545,0.4718325750000001,1.04,261,bluehead_chub
adj_density_bluehead_chub,b[4],0.20577362909835,0.19368576830677772,-0.15811519999999998,0.2148715,0.5691493750000001,1.15,92,bluehead_chub
adj_density_creek_chub,b[5],6.588184235335733e-5,0.15296775290771733,-0.2723122,-0.01003294,0.33391855,1.01,154,bluehead_chub
adj_density_green_sunfish,b[6],-0.20750650514505667,0.09173656287701261,-0.378602825,-0.2103555,-0.01428302499999972,1.14,283,bluehead_chub
adj_density_redbreast_sunfish,b[7],0.152350385763,0.2716624660939974,-0.43601655,0.1861365,0.60010015,1.23,42,bluehead_chub
