var,para,mean,sd,2.5%,50%,97.5%,Rhat,n.eff,y
(Intercept),b[1],2.3905443866666665,0.1202539971924874,2.1661057500000003,2.384925,2.6288667500000003,1.03,230,bluehead_chub
length0,b[2],0.24797070891476666,0.16565884534231415,-0.093971785,0.2535865,0.5474086500000002,1.01,129,bluehead_chub
area_ucb,b[3],0.22693107196333334,0.11614400563913625,0.00274720450000001,0.22561900000000001,0.45292005,1.02,249,bluehead_chub
adj_density_creek_chub,b[4],-0.24155677744666665,0.14997891736533317,-0.5081287750000001,-0.254263,0.08789782500000001,1.05,123,bluehead_chub
adj_density_bluehead_chub,b[5],0.0663699553602,0.14312622676481612,-0.16498602499999998,0.046046149999999994,0.40776462500000005,1.01,168,bluehead_chub
adj_density_green_sunfish,b[6],-0.06985665697193334,0.10290009473745781,-0.254200875,-0.07829249999999999,0.15230205000000008,1.02,277,bluehead_chub
adj_density_redbreast_sunfish,b[7],-0.04862995979919999,0.1532907920914994,-0.36345692500000004,-0.052442,0.2642507750000001,1.01,183,bluehead_chub
