var,para,mean,sd,2.5%,50%,97.5%,Rhat,n.eff,y
(Intercept),b[1],2.217344033333333,0.0843158076974583,2.0663955,2.2127600000000003,2.3943372500000004,1.05,217,creek_chub
length0,b[2],0.6079602833333333,0.11929713128958999,0.36399235,0.610106,0.8429677000000001,1.06,101,creek_chub
area_ucb,b[3],-0.012135216941733336,0.07994476120932624,-0.1556282,-0.01936355,0.15883102500000004,1,273,creek_chub
mean_temp,b[4],-0.011157072254400002,0.09870522898649994,-0.20125237499999998,-0.012206950000000001,0.18623940000000003,1.05,157,creek_chub
adj_density_bluehead_chub,b[5],0.059455898094279994,0.10305394547248359,-0.124966075,0.0543651,0.27402877500000017,1.05,155,creek_chub
adj_density_creek_chub,b[6],0.09623293421234333,0.11445985847969162,-0.143493475,0.09384100000000001,0.32175444999999997,1.06,133,creek_chub
adj_density_green_sunfish,b[7],0.16854045676296667,0.12570560317774246,-0.0571337825,0.1640375,0.4533051750000001,1.03,117,creek_chub
adj_density_redbreast_sunfish,b[8],-0.5556243466,0.16603365130944342,-0.877117375,-0.5649124999999999,-0.21577424999999997,1.02,70,creek_chub
