var,para,mean,sd,2.5%,50%,97.5%,Rhat,n.eff,y
(Intercept),b[1],2.32246111,0.09161706951514774,2.1563295,2.31722,2.5134644999999995,1,153,creek_chub
length0,b[2],0.4374126816666667,0.11044484179409803,0.233881,0.430212,0.66083225,1.02,133,creek_chub
area_ucb,b[3],-0.0321779056865,0.0643938454546677,-0.152623075,-0.03473255,0.09892950250000003,1.01,377,creek_chub
adj_density_creek_chub,b[4],0.21573531342859997,0.15550148573334538,-0.09768113249999998,0.21474,0.5049277000000001,1.09,85,creek_chub
adj_density_bluehead_chub,b[5],-0.029427603026663328,0.09997881860645513,-0.210100225,-0.03334635,0.17741802499999998,1.02,172,creek_chub
adj_density_green_sunfish,b[6],0.34364566048333334,0.15473396724236949,0.071333045,0.3294015,0.66071625,1,77,creek_chub
adj_density_redbreast_sunfish,b[7],-0.3452639384766667,0.09719092314519667,-0.520458375,-0.3464245,-0.152369625,1.02,168,creek_chub
