var,para,mean,sd,2.5%,50%,97.5%,Rhat,n.eff,y
(Intercept),b[1],-0.03660892664933333,0.08855648945420179,-0.19665965,-0.0433339,0.1510617,1,482,creek_chub
length0,b[2],0.598726572,0.12248770828664902,0.355197475,0.598143,0.8321414250000001,1.03,336,creek_chub
area_ucb,b[3],-0.043725914207666666,0.07937367397343469,-0.17751122499999997,-0.0493665,0.131072975,1,773,creek_chub
mean_temp,b[4],0.003963221787633329,0.09961478465712827,-0.178133975,-0.001044825,0.20764567500000003,1.01,398,creek_chub
adj_density_bluehead_chub,b[5],0.0237371448355,0.0952581845583787,-0.148560375,0.01848755,0.22364855000000003,1.01,587,creek_chub
adj_density_creek_chub,b[6],0.047207649942199996,0.12613185177627295,-0.2050289,0.048936549999999995,0.29400060000000006,1.01,311,creek_chub
adj_density_green_sunfish,b[7],0.09028737286839998,0.137851158681903,-0.1638726,0.08401685,0.3629708750000002,1.02,323,creek_chub
adj_density_redbreast_sunfish,b[8],-0.5202802919066667,0.15906846647784456,-0.829048725,-0.520656,-0.21870889999999982,1.03,210,creek_chub
