var,para,mean,sd,2.5%,50%,97.5%,Rhat,n.eff,y
(Intercept),b[1],2.2096030066666668,0.08067997345933554,2.0572675,2.2054400000000003,2.3750045,1.01,260,creek_chub
length0,b[2],0.5966964746666666,0.1071408645798652,0.38880249999999994,0.598322,0.80685885,1.08,147,creek_chub
area_ucb,b[3],-0.020820865099700003,0.07624630423726772,-0.1587421,-0.0261628,0.14151580000000002,1.02,271,creek_chub
adj_density_bluehead_chub,b[4],0.03971131169183334,0.1028085480829747,-0.13010075,0.03124715,0.2733062000000001,1.04,164,creek_chub
adj_density_creek_chub,b[5],0.12000708398771334,0.12188236104996869,-0.13366565,0.121779,0.3557126250000001,1.02,111,creek_chub
adj_density_green_sunfish,b[6],0.15146023824543334,0.11638059811407496,-0.072186335,0.148284,0.38451207500000006,1.02,112,creek_chub
adj_density_redbreast_sunfish,b[7],-0.5199567516666667,0.14305548326655743,-0.7934011249999999,-0.523602,-0.2126346,1.09,85,creek_chub
