var,para,mean,sd,2.5%,50%,97.5%,Rhat,n.eff,y
(Intercept),b[1],-0.025179348855733336,0.09187268557159826,-0.189776525,-0.0301939,0.16910322500000002,1.01,183,creek_chub
length0,b[2],0.5911823226666667,0.12578616601469905,0.336560975,0.5919185,0.8276066000000001,1.06,109,creek_chub
area_ucb,b[3],-0.04437832390049334,0.07219021286164896,-0.17548562499999998,-0.05004495,0.11037372500000006,1.02,282,creek_chub
mean_temp,b[4],0.0203114918388,0.09363430497493853,-0.161369375,0.02148595,0.19477205000000003,1.01,190,creek_chub
adj_density_bluehead_chub,b[5],0.024708223599906615,0.10548727766723816,-0.154263725,0.01805115,0.24432685000000004,1.14,165,creek_chub
adj_density_creek_chub,b[6],0.05402430160386666,0.13028759044102126,-0.19298527499999998,0.05186815,0.30112215000000003,1.04,103,creek_chub
adj_density_green_sunfish,b[7],0.06438721250646667,0.12226049161194437,-0.16861744999999997,0.060524,0.303441575,1.05,131,creek_chub
adj_density_redbreast_sunfish,b[8],-0.5019846202,0.1662687822222591,-0.8091326999999999,-0.499568,-0.18626419999999996,1.06,67,creek_chub
