var,para,mean,sd,2.5%,50%,97.5%,Rhat,n.eff,y
(Intercept),b[1],2.20996192,0.0813327702082634,2.05243675,2.20733,2.37268475,1.01,263,creek_chub
length0,b[2],0.5765208353333333,0.10133637641205814,0.371101025,0.5774685,0.77054565,1.02,155,creek_chub
area_ucb,b[3],-0.01932287616049334,0.0789088111996526,-0.16057222499999999,-0.02463055,0.14716502500000003,1,216,creek_chub
adj_density_bluehead_chub,b[4],0.03102635404139999,0.09549529905036197,-0.1420802,0.0250206,0.22830837500000004,1.02,173,creek_chub
adj_density_creek_chub,b[5],0.10054319539623334,0.11878094403745712,-0.13613730000000002,0.098994,0.337603425,1.01,123,creek_chub
adj_density_green_sunfish,b[6],0.15151235480436667,0.11920029042046915,-0.07564647999999999,0.15222200000000002,0.38369610000000004,1.02,131,creek_chub
adj_density_redbreast_sunfish,b[7],-0.5102930194533334,0.15160770723192643,-0.771732275,-0.518202,-0.14543984999999995,1.03,84,creek_chub
