var,para,mean,sd,2.5%,50%,97.5%,Rhat,n.eff,y
(Intercept),b[1],-0.8987029073333334,0.18189740874829377,-1.2527575,-0.8915865000000001,-0.55718295,1.59,147,green_sunfish
length0,b[2],2.578156583333333,0.33843537584089317,1.88743025,2.616765,3.05963675,1.91,45,green_sunfish
area_ucb,b[3],0.739832077,0.17852403955891363,0.37339355,0.7438285,1.0872187500000003,1.3,101,green_sunfish
mean_temp,b[4],0.04316326623456673,0.18929977054332042,-0.333867075,0.05709135,0.3882682,1.41,172,green_sunfish
adj_density_bluehead_chub,b[5],-2.060198466666667,0.29629081147374453,-2.6581415,-2.064775,-1.46714275,1.03,119,green_sunfish
adj_density_creek_chub,b[6],0.6160378143333334,0.1397885362745592,0.34869565,0.6092885,0.9069108750000001,1.04,277,green_sunfish
adj_density_green_sunfish,b[7],0.28714188114866673,0.21824640657073646,-0.08834016750000001,0.269103,0.7555265,1.31,137,green_sunfish
adj_density_redbreast_sunfish,b[8],-1.27814672,0.2637135331721973,-1.780878,-1.2740200000000002,-0.7658830999999997,1.35,144,green_sunfish
