var,para,mean,sd,2.5%,50%,97.5%,Rhat,n.eff,y
(Intercept),b[1],1.361316472,0.1356746694930802,1.09441775,1.358285,1.6203990000000001,1.25,127,green_sunfish
length0,b[2],2.5048166099999998,0.2501331705517643,1.93164675,2.5366150000000003,2.9248320000000003,1.64,34,green_sunfish
area_ucb,b[3],0.7133159513333334,0.12117282938331189,0.4912622,0.709317,0.968343325,1.04,179,green_sunfish
adj_density_bluehead_chub,b[4],-1.97045617,0.23201275811243663,-2.40957575,-1.9712,-1.482977,1.06,76,green_sunfish
adj_density_creek_chub,b[5],0.6568574473333334,0.1539453374155295,0.380025825,0.6465110000000001,0.97769545,1.44,151,green_sunfish
adj_density_green_sunfish,b[6],0.28561390902170003,0.19083865784051415,-0.09002307000000001,0.2945195,0.6498757500000001,1.1,95,green_sunfish
adj_density_redbreast_sunfish,b[7],-1.2411659003333333,0.18229856841803474,-1.597506,-1.244275,-0.8866917750000001,1.07,84,green_sunfish
