var,para,mean,sd,2.5%,50%,97.5%,Rhat,n.eff,y
(Intercept),b[1],1.2544460623333333,0.13625145882772804,1.00162975,1.250515,1.52447025,1.05,138,green_sunfish
length0,b[2],2.2795458733333334,0.21287876842290418,1.84764525,2.2845649999999997,2.680312,1.05,45,green_sunfish
area_ucb,b[3],0.7908034096666666,0.14814651281815314,0.483004775,0.7957665,1.0614202499999998,1.07,110,green_sunfish
mean_temp,b[4],0.12286763679403334,0.16551134695350636,-0.197643075,0.124469,0.45724975000000007,1.1,122,green_sunfish
adj_density_bluehead_chub,b[5],-2.1071560133333334,0.2728122508319131,-2.67392175,-2.095005,-1.6268812499999998,1.17,65,green_sunfish
adj_density_creek_chub,b[6],0.5914074853333333,0.12962112024805955,0.3665971,0.5820605,0.864008325,1.01,159,green_sunfish
adj_density_green_sunfish,b[7],0.38450228174333334,0.19550061095779322,0.043883472500000006,0.372135,0.778913275,1.11,84,green_sunfish
adj_density_redbreast_sunfish,b[8],-1.1555606183333333,0.19256973668335012,-1.5226615,-1.1604299999999999,-0.7815175249999999,1.01,107,green_sunfish
