var,para,mean,sd,2.5%,50%,97.5%,Rhat,n.eff,y
(Intercept),b[1],-0.9429841546666666,0.1609992225408362,-1.2306329999999999,-0.9552495,-0.594827075,1.28,70,green_sunfish
length0,b[2],2.436463926666667,0.2662021999636173,1.9509815,2.411425,2.9252252500000004,2.59,29,green_sunfish
area_ucb,b[3],0.782559809,0.16424593664282974,0.4506242,0.7927405000000001,1.06994325,1.05,58,green_sunfish
mean_temp,b[4],0.10420976498233331,0.16943532218703294,-0.21669305,0.10473350000000001,0.4451045,1.13,88,green_sunfish
adj_density_bluehead_chub,b[5],-2.05327439,0.34602078061329405,-2.6898455,-2.061855,-1.3910252499999998,1.06,33,green_sunfish
adj_density_creek_chub,b[6],0.6052994859999999,0.13993514284424804,0.35707115000000006,0.5903585,0.906534525,1.11,147,green_sunfish
adj_density_green_sunfish,b[7],0.34840089671333335,0.18623489668545845,-0.009884118999999995,0.3474975,0.7158306750000001,1.15,77,green_sunfish
adj_density_redbreast_sunfish,b[8],-1.2011531496666668,0.2330940270884852,-1.667421,-1.1889349999999999,-0.7532758999999999,1.48,62,green_sunfish
