var,para,mean,sd,2.5%,50%,97.5%,Rhat,n.eff,y
(Intercept),b[1],1.3302260026666666,0.17065772536697504,1.029006,1.320945,1.7268940000000002,1.16,97,green_sunfish
length0,b[2],2.3491975033333334,0.26528950917534017,1.7554045,2.362375,2.799368,1.52,40,green_sunfish
area_ucb,b[3],0.7015761500000001,0.12237970406331426,0.4560651,0.7070965,0.927430225,1.03,177,green_sunfish
adj_density_bluehead_chub,b[4],-1.8962139,0.2696761371404054,-2.3813757499999997,-1.9151799999999999,-1.3306544999999999,1.01,52,green_sunfish
adj_density_creek_chub,b[5],0.5990803166666667,0.1518123542494857,0.34615864999999996,0.581404,0.9527164250000001,1.02,111,green_sunfish
adj_density_green_sunfish,b[6],0.37557181044599997,0.19852980895909822,0.0019430607000000156,0.3702305,0.782071625,1.09,85,green_sunfish
adj_density_redbreast_sunfish,b[7],-1.1801849643333333,0.17436321788549602,-1.48600475,-1.188585,-0.8281514999999999,1.06,114,green_sunfish
