var,para,mean,sd,2.5%,50%,97.5%,Rhat,n.eff,y
(Intercept),b[1],1.65345365,0.1444320668887607,1.373754,1.65417,1.9311802500000002,1.07,141,green_sunfish
length0,b[2],1.8855969066666667,0.22991724229237856,1.44876925,1.8908749999999999,2.31670175,1.03,41,green_sunfish
area_ucb,b[3],0.7023878143333333,0.14585709155872803,0.413698575,0.704094,0.9801241,1.06,103,green_sunfish
adj_density_creek_chub,b[4],0.9576703043333333,0.15868524408940812,0.6721273000000001,0.9554515,1.2758755,1.13,132,green_sunfish
adj_density_bluehead_chub,b[5],-1.5950188476666667,0.2442422451113104,-2.1179887500000003,-1.588535,-1.128151,1.02,65,green_sunfish
adj_density_green_sunfish,b[6],-0.07056211632226662,0.23933545956804608,-0.534211675,-0.07042570000000001,0.4054360250000001,1.07,63,green_sunfish
adj_density_redbreast_sunfish,b[7],-0.0442495524796667,0.24736604524733052,-0.5646905,-0.033455349999999995,0.42035905000000007,1.13,48,green_sunfish
