var,para,mean,sd,2.5%,50%,97.5%,Rhat,n.eff,y
(Intercept),b[1],1.60830742,0.16029895482644205,1.3276245000000002,1.595215,1.9614470000000002,1.01,235,redbreast_sunfish
length0,b[2],-0.5234749206666667,0.1700417489685074,-0.858409975,-0.5276245,-0.1776490249999999,1.01,220,redbreast_sunfish
area_ucb,b[3],-1.1395360526666667,0.2885509500243934,-1.67596425,-1.157635,-0.4794230249999997,1.1,91,redbreast_sunfish
adj_density_bluehead_chub,b[4],-0.3500277840366667,0.12317387984528183,-0.5811769250000001,-0.355063,-0.09474050999999996,1.01,370,redbreast_sunfish
adj_density_creek_chub,b[5],0.6088215956666666,0.1615518771105457,0.299592425,0.606617,0.9282772000000001,1.01,246,redbreast_sunfish
adj_density_green_sunfish,b[6],-0.24830257075499998,0.21198754738234302,-0.656798725,-0.2536265,0.17292090000000038,1,154,redbreast_sunfish
adj_density_redbreast_sunfish,b[7],0.26402606333333334,0.14775999690859848,-0.020641964999999998,0.262617,0.55456675,1.02,266,redbreast_sunfish
