var,para,mean,sd,2.5%,50%,97.5%,Rhat,n.eff,y
(Intercept),b[1],1.60046679,0.15457334726279282,1.3140219999999998,1.596495,1.9174630000000001,1.06,226,redbreast_sunfish
length0,b[2],-0.480823335595,0.19232737987586135,-0.831187625,-0.489558,-0.06291081249999993,1.07,158,redbreast_sunfish
area_ucb,b[3],-1.1295543726666666,0.27926978759606313,-1.6090284999999998,-1.1512449999999999,-0.54371945,1.06,98,redbreast_sunfish
adj_density_bluehead_chub,b[4],-0.323622025068,0.15252026734680768,-0.5809348,-0.340449,0.03282799000000036,1.08,263,redbreast_sunfish
adj_density_creek_chub,b[5],0.5876005626666666,0.16361644105946607,0.301815775,0.577395,0.9219818500000003,1.05,218,redbreast_sunfish
adj_density_green_sunfish,b[6],-0.21377611957951664,0.23114601292089376,-0.6281299,-0.22897,0.26442570000000015,1.03,129,redbreast_sunfish
adj_density_redbreast_sunfish,b[7],0.2506660271685667,0.156699053218041,-0.04507773499999999,0.246164,0.5734572250000002,1.05,186,redbreast_sunfish
