var,para,mean,sd,2.5%,50%,97.5%,Rhat,n.eff,y
(Intercept),b[1],1.69826802,0.1721894553354605,1.38133175,1.699255,2.05329425,1.04,194,redbreast_sunfish
length0,b[2],-0.4266252305366667,0.17981610491295305,-0.7644496000000001,-0.4346875,-0.053378297499999866,1.02,185,redbreast_sunfish
area_ucb,b[3],-0.7297836423966667,0.3658839998730381,-1.441525,-0.740423,0.0460750525000001,1.05,48,redbreast_sunfish
adj_density_creek_chub,b[4],0.6376243246333333,0.22642570461498404,0.27892167500000004,0.602267,1.1535327500000003,1.12,130,redbreast_sunfish
adj_density_bluehead_chub,b[5],-0.5047422280566667,0.17463628029059886,-0.83699645,-0.5104005,-0.11291872499999998,1.03,163,redbreast_sunfish
adj_density_green_sunfish,b[6],-0.5084670312346666,0.1606319567300938,-0.7672220249999999,-0.526763,-0.15196184999999995,1.02,231,redbreast_sunfish
adj_density_redbreast_sunfish,b[7],0.48469290762033335,0.22125369977498702,0.046957345000000004,0.48931,0.89413505,1.06,133,redbreast_sunfish
