var,para,mean,sd,2.5%,50%,97.5%,Rhat,n.eff,y
(Intercept),b[1],-0.567114668635,0.19459930869719103,-0.907883475,-0.5805915,-0.1534759749999997,1.11,173,redbreast_sunfish
length0,b[2],-0.4199075497529999,0.28320726788340034,-0.893960025,-0.44966399999999995,0.35876647500000014,1.31,94,redbreast_sunfish
area_ucb,b[3],-1.2834842866666667,0.3395244873403781,-1.93779825,-1.28639,-0.6024865249999998,1.26,62,redbreast_sunfish
mean_temp,b[4],0.16685409100123336,0.21778252090885297,-0.238654,0.155989,0.6358710500000001,1.16,138,redbreast_sunfish
adj_density_bluehead_chub,b[5],-0.3008591349437604,0.15409044655812976,-0.57485415,-0.311384,0.04178852000000004,1.13,166,redbreast_sunfish
adj_density_creek_chub,b[6],0.7523578843333334,0.22845559025950277,0.354805125,0.730885,1.25193075,1.11,95,redbreast_sunfish
adj_density_green_sunfish,b[7],-0.15903035593700002,0.26784010063705466,-0.6760610999999999,-0.165678,0.35481240000000003,1.19,88,redbreast_sunfish
adj_density_redbreast_sunfish,b[8],0.216126022937,0.19239141264507537,-0.17858169999999998,0.22408099999999997,0.5776116750000001,1.19,133,redbreast_sunfish
