var,para,mean,sd,2.5%,50%,97.5%,Rhat,n.eff,y
(Intercept),b[1],-0.6281873093333333,0.1638900280900819,-0.9233278250000001,-0.6354525,-0.2760775749999998,1.01,764,redbreast_sunfish
length0,b[2],-0.43597892027033336,0.21981431979071156,-0.8228722749999999,-0.447847,0.03333753500000003,1,397,redbreast_sunfish
area_ucb,b[3],-1.203812803779,0.32387098786381613,-1.7551242500000002,-1.2271299999999998,-0.4766852,1.05,218,redbreast_sunfish
mean_temp,b[4],0.11766314382996666,0.17457297799277047,-0.22235977499999998,0.1210125,0.4646367500000001,1.01,566,redbreast_sunfish
adj_density_bluehead_chub,b[5],-0.333061753403,0.13493171274859145,-0.57984225,-0.33552899999999997,-0.05293712999999995,1,601,redbreast_sunfish
adj_density_creek_chub,b[6],0.7225294441333333,0.21521689537337582,0.3309832,0.7178925,1.1637157500000002,1.02,396,redbreast_sunfish
adj_density_green_sunfish,b[7],-0.1882345039499,0.2516515755276647,-0.6540747749999999,-0.193682,0.31972165000000013,1.02,323,redbreast_sunfish
adj_density_redbreast_sunfish,b[8],0.2542969286863,0.16990419903772425,-0.07046420499999999,0.2503105,0.6018475000000001,1.01,520,redbreast_sunfish
