var,para,mean,sd,2.5%,50%,97.5%,Rhat,n.eff,y
(Intercept),b[1],1.6368811066666666,0.16170958624955925,1.33385,1.6337700000000002,1.9685652500000002,1.02,214,redbreast_sunfish
length0,b[2],-0.50495356858,0.19238644129705618,-0.8443957249999999,-0.516902,-0.0979415449999999,1.02,182,redbreast_sunfish
area_ucb,b[3],-1.0542344479999999,0.29319531657442566,-1.6038115,-1.066935,-0.4463293,1.11,81,redbreast_sunfish
mean_temp,b[4],0.08383801865673332,0.15988941433963752,-0.24447649999999996,0.08886569999999999,0.3957325500000004,1.03,258,redbreast_sunfish
adj_density_bluehead_chub,b[5],-0.3546876844333333,0.12718848569006166,-0.5955209499999999,-0.357437,-0.10792917499999997,1.01,290,redbreast_sunfish
adj_density_creek_chub,b[6],0.6305948483333333,0.1964436746164276,0.2932403500000001,0.614465,1.06413425,1.09,144,redbreast_sunfish
adj_density_green_sunfish,b[7],-0.255300386212,0.21574807160074075,-0.681255175,-0.2565175,0.16615075000000007,1.06,161,redbreast_sunfish
adj_density_redbreast_sunfish,b[8],0.2914575945776667,0.15611969235422962,0.0021604895750000257,0.2850635,0.6056646750000001,1.01,182,redbreast_sunfish
